text,label
"I want to use this so bad but I feel it should have a rest day Thursday then do the rest, do you think that will help you more?",general fitness
You absolutely must incorporate squats into your leg workout as well as deadlifts (either also on leg day or on back day). Those are two of the three most important and effective lifts that hit well beyond your legs,lower body
"Taking rest on friday, after one complete cycle.",general fitness
"I can't do squats and deadlifts due to lower back injury but i will add them once i feel better. 
Thanks man",upper body
But what if your other muscles are actually sore due to progressive overload? Assuming that‚Äôs what you‚Äôre doing and you are trying hard to build up that muscle!,general fitness
Apologies - makes total sense then. Be safe. Maybe try hack squats before you even do start squats when your back gets better just to ease into it,upper body
"Thanks, Do you think, i should include any exercise for front delts ? Cause i am confused Front delts gets a work in a lot of chest exercises.",upper body
Overhead shoulder press would be good. I think you are right that you already hit the front delts with chest but shoulder presses would be a good addition. I think best is rear delts which you already are doing,upper body
"Yeah i can add shoulder press for sure. Thanks man.
How long have you been lifting ?",upper body
15+ years,general fitness
Great i am relatively a beginner compared to you haha... I have few questions... Do let me know if i can ask you ?,general fitness
Fire away,general fitness
To add to injury prevention. Try to keep your strength ratio of quads to hamstrings as close as you can. Obviously quads are going to be stronger. So doing these compound movements is important! I like doing RDL‚Äôs now and then to really murder my leg bicep. Hahaha. ,lower body
"Thank you so freaking much, my knee is busted at this time but I NEED to workout or if not I will get antsy. ",general fitness
"Thanks for wonderful insights, I'm sure this will be helpful!",general fitness
"Are you working out at all right now? If not, I'd just start with walking 30 minutes 3 days a week. When you have that under control, stretch it to 5 or 6 days a week. And then start adding a little more time, etc.

Food will be most important, but it sounds like you already know that. Aim for a small calorie deficit. 

If you're having trouble keeping your appetite in check, try upping your protein intake by 20% or so until you're over 100 grams. And take your sleep seriously.",general fitness
"I find it has been easier in my 40s. There were no apps in my 20s, nor were there air fryers, and fitness knowledge was absolute dogshit in those days. It‚Äôs probably best for you to focus on weight training but try to get steps in too at another time of day.",general fitness
"Strength training is most important and you can get a good workout in 20 minutes. I would do a 4 day split of chest, back, legs and shoulders. ¬†Stick to compound exercises like bench press, upright row, squats and shoulder press. ¬†No need for arm isolation as they will be worked on the back, chest and shoulder day.¬† Try to get cardio in when possible, even just a brief walk will work wonders.¬† Get a calorie counter and set a 500 to 1000 calorie deficit being sure to get in enough protein. Without knowing your weight shoot for 150 grams.¬† Weight loss is more difficult as we get older but we are also smarter.¬†",lower body
"I would do strength training 3 days per week and cardio the other two. If you can get a bit of a walk or some kind of unplanned exercise in over the weekend even better (basically just be active doing pretty much anything). If you miss a morning, you miss a morning. Acknowledge it and move on. 

At the end of the day though, do whatever you'll do. Any exercise you'll actually do is better than the ""best"" exercise plan that you don't do.",general fitness
"I (39F) have fibromyalgia too, and the combination of chronic pain, fatigue, and overall emotional stress from the fibromyalgia had me stuck for so many years that I kind of developed a fear of movement. I thought I was moving a lot more than I did in terms of incidental exercise and I had gained weight despite a fairly (for a lack of better words) healty diet/lifestyle in general. Tracking my daily habits, it turned out I was a lot more sedentary than I thought. 

So, I decided to increase my overall energy expenditure (walking instead of stairs etc) starting in January this year, keeping it consistent for two months before I felt a lot better and felt ready for the next phase.
My goal was 7k steps a day, but I'm usually way over that without even thinking about it (I work from home). 

I have now lost ~24 lbs over the last 3 months, making only minor changes: 

‚Ä¢ Low-impact exercise 20-30 min, 3-5 times a week, usually walking. 

‚Ä¢ Light strength training, 20-30 minutes, 3 times a week. Resistance bands, body weight, dumbbells. 

‚Ä¢ Increased protein intake and an overall healthy diet with a slight caloric deficit. I aim for a daily 80-100g of protein right now, but will probably try to increase.

‚Ä¢ Staying hydrated - Game changer! I'm the type of person who has to remind myself of basic things like eating and drinking, and I think it has to do with the fibro and that trying to ignore the pain has made me surpress thirst and hunger as well. I felt a huge difference within the first few days. 

‚Ä¢ Taking supplements. I'm not the right person to give advice on this, so I consulted a professional and suggest everyone does to find what's right for them. 

‚Ä¢ Sleep hygiene - aiming for 7 hours. No screen before bedtime, no caffeine after 4pm.

‚Ä¢ Staying consistent, but not beating myself up if I miss my daily goals one day. 

I have much more energy and overall the above changes have led to a significant improvement in my fibromyalgia/brain fog. 

(English isn't my first language, so I apologize for any grammar errors and if something doesn‚Äôt make 100% sense)",general fitness
"I do not have the chronic conditions but I started similarly.

I will say for me atleast the walking did not help. It helped with my mental health part a bit. Such as stress. But same time didn't help my lonelier. Seperate issue.


I'm older by a bit. I started at 260. But I went to the gym and did whatever machine was comfortable to me. I had body issues. I started doing the elliptical since it was easier on my knees. I would pick machines that worked muscle groups by day and what was free. You'll learn what muscle groups the machines have pictures. Then gradually you transition to more intense machines or free weights when your comfortable.


Since you said you have weights at home. I'd look up workouts at home. Something that incorporates more body weight type exercises. You can do a easy circuit. There's nothing wrong with not liking a workout. Just do it till you find one you like. Consistency is the issue. Just working up to making it part of your life.


The food thing has always been an issue with me. The transition to better food and understanding calories for food is the mindset you should aim for. Don't starve yourself. But realize things they satisfy a craving that have a better caloric value. Example I want salty, I do a 100 calorie bag of Costco popcorn.


Good luck!",general fitness
"Same! And I don‚Äôt socialize out at bars nearly as much, which was a problem for me when it came to weight loss.",general fitness
I‚Äôm so proud of you!! You stating that the weight loss became easier at the end was SO encouraging to read.,general fitness
Congratulations! So proud of you!,general fitness
This is so great! Wonderful job!,general fitness
"Absolutely amazing! And I completely understand wanting to talk to family about it, but not having the warmest reception. But what an accomplishment!!",general fitness
"Amazing and inspiring! Congrats and thank you for sharing :). I'm halfway to my GW of 140 and feel like it is so much easier than it was in the beginning too! I think with a slow and steady approach, some things become second nature and thus require less brainspace. Stories like yours have helped nail down that the slow and steady approach is the best way to make lasting changes. Way to go!",general fitness
"Congratulations! 40 pounds is a lot of work, and more importantly, a lot of consistency!

I‚Äôm really happy for you that you were able to change your habits to accomplish your goals! Good luck on getting down those last few pounds before the holidays, too!",general fitness
"Thank you!! It really is easier. My GW was 145, and it would have been so simple to say, ‚ÄúWell, I made it! Time to stop!‚Äù Especially because I‚Äôm not unhappy with how I look and feel now. But especially near the end, it has been so sustainable and easy to be honest, that I figure I might as well keep going to 135 while I‚Äôm at it. Once you build the habits, you‚Äôve done the hard work! Sure, the scale doesn‚Äôt move as quickly, but you see the body changes so much more.",general fitness
Thank you for your message! It is very kind. I have to agree about slow and steady being the most sustainable method. Congrats on being halfway to your goal weight!!,general fitness
I appreciate it! Congrats on the 40 lbs yourself! :),general fitness
"Mental load is a big thing. Coaches benefit from having coaches. Having someone else write your program results in a lower likelihood that you‚Äôll neglect areas you don‚Äôt ‚Äòenjoy‚Äô as much in training and lifestyle; it gives constant accountability. 

Furthermore, coaches notice things you won‚Äôt notice in yourself. Even the most experienced bodybuilders and powerlifters have blind spots in their own training. A second eye is always helpful.

Also, they provide support - emotional, mental AND physical. Prep is hard. A team behind you is so bloody valuable",general fitness
"We recognize that even though we may be born with good genetics that doesn‚Äôt mean we know everything about pharmacology, nutrition and training. To be quite honest most dont have the time or some are so gifted they never have to try to find what works because everything works",general fitness
"Richest people in the world have financial advisors. Best athletes have nutrition, sports and physical trainers. Best racecar drivers have mechanics and assistant drivers. Best mountain hikers hire local guides. If you think you know everything you know nothing, always good to have someone in your corner even if it‚Äôs just another pair of eyes.",general fitness
Also access to someone who can guide them on the pharmaceutical side of training. Best results without long term health damage. As well as accessibility to said pharmaceuticals.,general fitness
"The big mistake you are making here is thinking that the most important thing in bodybuilding is training. Training for adding size is actually pretty fool proof, there are many IFBB pros who trained like absolute idiots (or at least not ""optimally) yet built godlike physiques (Branch Warren for example).

But the drug protocols, especially during a contest prep aren't straightforward at all. This is where mostly a coach is needed.",general fitness
"Having a good coach is invaluable. Like others said, an objective second pair of eyes helps the athlete to simply execute without having to think too much about workouts, food, gear. Really good coaches know exactly whats needed and when for their athlete whether it‚Äôs food, training, rest, etc . They also provide emotional support and accountability and at that level are extremely knowledgeable. Also coaches tend to have connects whether it‚Äôs gear or people for injury rehab / prevention. I could go on and on lol",general fitness
"Take as much of the mental work out of it as possible. 

It's impossible to push yourself as much as someone else will.",push pull legs
Good coaches give honest assessments of your gains especially where being proportional is so important.,general fitness
"I‚Äôve been a coach for over ten years and still use another coach to do my programming. I do it for a few reasons. One is objectivity. They can sometimes see things about me and my weaknesses that I can‚Äôt. Because of this there isn‚Äôt any internal bias on their programming. Two, I don‚Äôt want the homework. I want to be able to show up and follow what my coach says and report back. I‚Äôm also not arrogant enough to think I know best. There‚Äôs always someone out there who knows more and that‚Äôs worth paying for.",general fitness
"also since no one mentioned, the coach really helps during comp prep when the athlete is severely depleted and not thinking 100% clearly, that peak week can kill",general fitness
Successful people always stay a student.,general fitness
"1 actual reason, objectivity.

Anyone that trains themselves, controls their own diet, looks at their own health markers, etc is likely/possibly going to fall victim to themselves and their own subjectivity. An outside eye, their coach, can make the decisions for them so they don't choose to do things that would potentially make them be lenient and do less than needed to reach the goal they have.",general fitness
"There is still value in having a 3rd party's opinion, even if you know everything there is to know about a topic. Most lawyers hire a lawyer if they end up being accussed of a crime.

Having someone to push you harder is also helpful. I've seen videos where Hany Rambod has pushed Hadi back onto the leg extension machine and told him to do a few more reps.",push pull legs
"I imagine the same reason Magnus Carlsen had a chess coach throughout his reign.


Have a very strong expert in the field whose only job is to stay up with the latest theory and focus on the .1% of your package that can improve.


The best in the world aren't the best because they know the most. Maybe they don't even know a whole lot, because they are genetic freaks for whom it all came relatively easily.",general fitness
"You want someone watching you making sure your form is always locked in. Even the best athletes in the world in any sport can get a tiny bit too loose ever now again. Obviously they are pros for a reason, a vast majority of the time they get stuff right. But even cbum has a slightly sloppy rep once in awhile. 
Also allows them to push more and be more focused on the exercises themselves. They don't need to make a workout plan, they don't even need to count there own reps. They can just show up and focus on nothing else besides good reps and hard work. Also a coach will stay up to date on all the new scientific literature and implement new findings in the studies.",push pull legs
"There is multiple facets of this question to properly answer it.  Lets use CBum & Hany for the example

1 - Benefits of a trainer at that level is you just execute.   The athlete does not have to evaluate where they are lacking or can improve.  They also do not have to think about what movements to best attack those areas.  They simply execute what they are told because there is an inherent trust with that trainer.

2 - Reach a level of exertion that you cannot reach on your own.  Training to failure is one thing but force reps & beyond failure is not something you can train by yourself.  Without a partner or trainer, reaching that level of training is not simple.

3 - Its a partnership.  Do you think CBum is really paying Hany for his sessions?  Not at all.  Having an athlete like that brings Hany more business and makes Hany more valuable.  His training sessions are $350/hr because of the level of athletes he works with.  

4 - Coaching partnership.  When you have a coach and a separate trainer, there is collaboration between those two in terms of matching nutrition with output for optimal results.  Again, this is where it allows the athlete to just execute the plan.  The coach identifies what needs to be worked on and the trainer makes that the priority.

&#x200B;

As an athelete, when you dont have to think about what you are doing, it makes the process much easier.  For those that have been through multiple show preps, you know this.  When you can trust the process and just do what you are told, it makes the whole process more manageable.  If this didnt work, you wouldnt see top level athletes with trainers like Hany.   Just think about Hany's resume currently and in the past.   CBum, Derek Lunsford, Hadi Choopan, Jay Cutler, Phil Heath,  Jeremy Buendia",general fitness
"Bodybuilding is as much a mental contest as much as it is a physical one. Training is the easy part, dieting down and pushing your body as hard as you can while depleted of all nutrients and hydration is the hard part. Having a coach is having someone to focus on the numbers and watch your progress objectively while your mind is exhausted. They take a lot of the mental load off of an already mentally draining activity.

It's hard to analyze results objectively and adapt diet plans when you were up until 3am last night trying to resist the urge to run downstairs and make a peanut butter sandwich.",general fitness
Tom Brady had a coach for every aspect of his professional life until he was 45. Always room to learn and structure is good,general fitness
Why do professional athletes need coaches?,general fitness
"In my experience it comes down to humans being emotional creatures. I have been training for 10+ years and had many friends turn to a good coach after years of training and suddenly making gains again.

Eventhough some people swear by it muscles are not best built by brute force. I wanna manage injuries, manage regenerative capacities smartly and make smart decisions. Meanwhile you are CBum trying to continue his reign as Mr Olympia imagine the pressure, it is easy to fall into your emotions and do things in training that seem like they make you excell but in the end just hurt you. It's about the details and outsourcing this mental effort to a coach and decoupling training decisions from your own emotions is what a good trainer offers a already top notch athlete.",general fitness
"Michael Jordan and Kobe Bryant had a trainer throughout their careers. 

Greats know it's always better to have an unbiased set of eyes to pick out your weaknesses.",general fitness
"Objectivity as well as the actual ability to prep someone. It‚Äôs not nearly as important in the offseason, I would say the most they do is help give suggestions on what body parts to prioritize and provide a little extra accountability to stay on whatever diet you‚Äôre doing. But people like Hany shine when it comes to prepping his clients. Managing water and sodium, keeping the diet at a pace where they won‚Äôt burn out while the person that is prepping might not be in the correct headspace to make those decisions him/her self. And then the closer to show do the more important a coach is to help you manage your stress and keep you on the correct plan. Hany is the best when it comes to getting his clients in incredible shape but also keeping the muscles full and looking good. That‚Äôs why he‚Äôs so good.",full body
"As someone who's been in the industry for a long time - there is just a lot lower risk of injury when working with trainers. 

Even if you know how to engage your chest with a press movement - you are pushing to the limit of exhaustion every single time. 

When you are at that level the trainer's job is only to make sure you keep the tension in the right places, help you recover and prevent you from injuring yourself. 

The regular reading of the blood work as well as diet and supplement tracking are also an important part of the job.",upper body
"CBum didn't do any courses to learn anything in depth about the body, exercises, supplements, gear, food/nutrition, etc..

Second thing, with his body changing constantly and his taste in food changing he may want different food plans, which he cannot make himself.

Exercises of course, if it was based off knowing how todo exercises we would all be coaches.",general fitness
Why does Tiger Woods still have a swinging coach and Michael Jordan still had a shooting coach until he retired,general fitness
"Because cbum most likely isn‚Äôt a nutritional expert like hany. Hany knows how to deal with Chris‚Äô diseases/disorders, which I believe greatly affect his digestion.",general fitness
Bodybuilding coaches take care of nutrition and peaking the body for competition which would be very stressful trying to do by yourself when you‚Äôre 4% body fat,general fitness
"Accountability, extra push, drugs, posing routines, I don‚Äôt know.",general fitness
"Yes, but tiger woods still has a golf coach",general fitness
"Even professionals like him have to change things up to progress sometimes.

And having a second pair of eyes to watch you work is invaluable",general fitness
"I‚Äôd say it‚Äôs the same exact reason why professional athletes need coaches, trainers and staff to support them. An outside perspective might just give you the slightest edge over your opponents.

Training on your own can be done, but at some point it is possible you‚Äôll see a decrease in progression. That‚Äôs where your trainers come in to either tell you to change up the regiment, or even let your body rest.",general fitness
"Having all the knowledge in the world doesn't make a trainer useless. 

A good trainer will hold you accountable and have a more objective view on how you are doing both in the gym and outside of it. 

Someone at the absolute top of the sport like CBum would likely push himself too hard if he had no leash, and he'd look worse on stage as a result. 
Also, things that are very obvious to you if someone else is doing them are less so if you are experiencing them yourself. 

And lastly, he's got enough stress and probably wants to spend as little time as possible on planning and analyzing everything. You're brain can't handle all that during prep.",push pull legs
"I have a coach to do the opposite of what he says to do. If this guy is so smart, why isn't he as jacked as me?",general fitness
"I have done 17 shows and have been training for 48 years. I also prep people. I am an expert on pretty much everything related to bodybuilding. I made a comeback at the age of 56. I was still squatting 4 plates (12 reps) and also deadlifting (actually RDL's) using quite a bit of weight.

The problem is that I came in very thick waisted and did not realize it until I saw my contest pics. I should have hired someone to at least take a look at me and work w/ my posing (which I did the last time I competed at age 32 and won my class at a big show). I should have trained lighter and worked more on reducing my midsection.

No matter how knowledgeable you are it is good to have a second set of eyes and another perspective.

Now having worked w/ many bodybuilders, I will also tell you that some, while physically gifted, are dumb as rocks. Anabolics and especially proper diuretic use can also be complex.",general fitness
Drugs. They coach them on drugs.,general fitness
As I got older and had to do physical therapy for an injury I realized how enjoyable it is to have a trainer lol. Been training over 16 years myself. It is an awesome luxury. Also when the football player is on the field he can‚Äôt see everything from the coaches perspective. This applies a bit.,general fitness
"Lol. Why so elites in every sport ever need coaches?


Einstein",general fitness
Work load maybe,general fitness
"First of all it‚Äôs easier to have somebody supporting you and keeping you in check. Second, training is not static, their PED protocols aren‚Äôt static, research isn‚Äôt static. Somebody has to be on top of all of that and help athletes readjust accordingly",general fitness
Bc they can afford them.  2 heads are better than one. So is getting head twice rather than once.  Ynamsayin?,general fitness
Oh my sweet summer child how naive you are,general fitness
"Why did tiger woods need a swing coach? Why do nfl,mlb and nba teams need coaches?",general fitness
Hany Rambod is not his trainer. He is his sponsor. Hany is a marketing genius that‚Äôs it,general fitness
"It‚Äôs a fair question.

Folks like Schwarzenegger, Lee Haney, Frank Zane and Dorian Yates won Mr Olympia contests without a dedicated coach or trainer.

Here‚Äôs even an article by 8x Mr Olympia Lee Haney about why you shouldn‚Äôt hire a coach:

https://www.musculardevelopment.com/training/14715-lee-haney-too-many-gurus-become-your-own-coach.html",general fitness
Honestly the way Hani trains he‚Äôs people unbelievable. You need someone pushing you specially those days you‚Äôre peeking for a show. They know the right amount of drugs and food to look a certain way. Not everyone has that talent .,general fitness
"Just here to say Hany Rambod is overrated, CBum would still be an Olympian with out him, and FST-7 training is a fucking joke.",general fitness
I‚Äôm guessing because we all look at ourselves differently than other do and bbing is a serious mind fk when analyzing your own physique.,general fitness
Good question. I've often wondered the same thing. I've been competing for years and other than my first year. I've never had a trainer for a coach.,general fitness
Bro they had the genetics but not the knowledge,general fitness
"They're often coaches themselves too and if people think ""Even Cbum needs a coach"" he is more likely to pick up clients himself. It goes round in a circle. At that level you're a walking advertisement and don't pay for stuff like that anyway.",general fitness
"Literally this, accountability, the difference between doing it yourself and having someone to behind you is massive.

That‚Äôs exactly why I became a coach myself.

People think you hire a coach to get you in shape, that‚Äôs a small part of it, you tell your coach EVERYTHING and they will help improve every part of your life.

However, my answer to this question is always the same, find me a top athlete in ANY sport who doesn‚Äôt have a coach‚Ä¶ therefore why is bodybuilding any different? It‚Äôs not.",general fitness
Oh shit it‚Äôs a pro in the wild,general fitness
Well spoken champ!,general fitness
omg so cool seeing your reply! thank you!!!,general fitness
Cool to see you in here big dog,general fitness
"> because everything works 

This. People argue with me here endlessly about this. You really have to see it in person to truly appreciate how stupid gifted some people are. It‚Äôs not even remotely fair.",general fitness
"To this day I still think Branch was one of the hardest working guys in the industry. Whether it‚Äôs by his own doing, or if he just refused to get a coach, dude worked hard asf",general fitness
But haven‚Äôt some of these bodybuilders followed the same drug protocols for years? Like the steroids that they take are very similar from year to year right?,general fitness
Structure is a good point. I‚Äôm sure someone like chum has enough going on where having someone structure his training is one less thing for him to worry about.,general fitness
"üíØ 
If the best in the world want coaches why wouldn‚Äôt everyone else as well.",general fitness
"Neither did many of the top gurus for that matter. A lot of the top ""gurus"" are self taught",general fitness
Yes exactly. Why?,general fitness
"This isn't limited to athleticism, either. Denzel Washington still takes acting classes.",general fitness
"In pretty much all sports, the best coaches weren't great athletes. They may have reached the top level in their respective sport but were always overshadowed by the good/great athletes. This gives them opportunities to learn more and pass that knowledge to future good/great athletes as a coach. There is a reason why the greatest athletes pretty much never make good coaches.",general fitness
"lol because the guys with worse genetics usually dot their I‚Äôs and cross their t‚Äôs to maximize their performance. Now do that with a genetic elite and it‚Äôs basically a recipe for success. Hany, Cbums current coach holds 24 Olympia wins throughout all of the bodybuilders he‚Äôs coached.",general fitness
That and prep would be the main thing since Bumstead can't get too big cause of the weight limit for Classic,general fitness
"That‚Äôs reductive, it‚Äôs a fair question given how different of a sport bbing is compared to all other sports",general fitness
Why are you asking pretty much the same question as OP instead of answering it?,general fitness
What do you mean his sponsor? Hany owns Evogen and Chris is with/owns Raw/Revive. Hany is his coach and handles his training and contest prep. Am I misunderstanding what you mean by sponsor?,general fitness
can you elaborate? hany for sure trains chris,general fitness
Only correct answer. Hany pays him to be called his coach. Which brings in turn brings in tons of business for Hany,general fitness
Not just a hot take. A shit take.,general fitness
Lol the worst part is often they don‚Äôt realize this. The genuinely think it‚Äôs silly because they work harder or figured out some secret,general fitness
"Yup, as long as you workout hard, eat enough and take boatloads of gear you will get huge, as long as your genetics allow it. And Branch did workout super hard, for sure, though if his training was more sane he would probably have avoided some injuries (which itself isn't a minor thing at all).",general fitness
Absolutely not. Gear response is highly variable from person to person. Dosing PEDs for bodybuilding really an art (since for obvious ethical medical reasons this field cannot be researched).,general fitness
"Gurus are just normal gym goers like everyone else, they just have good physiques which were either attained from gear (or in some cases natural) who just make content

some know real info some just promote their bs products",general fitness
Guru does not equal a multi Olympia winner. Guru's are generally charlatans with a fresh coat of paint,general fitness
The entire rest of the thread has excellent answers.,general fitness
We are really bad at self-assessment.,general fitness
"Meh at that level I think you need to actively try to add mass. it takes an increase in drugs, food and training. Ive seen people stay the exact same without any external help lol. 

Coaches bring knowledge around drugs, nutrition, peaking strategies and all of the above. Every prep is different even for the same person. Life changes, stresses change, the body reacts differently and its why you need a coach to manipulate these things. At the top level these coaches are more pharmacology gurus than Personal Trainers.",general fitness
"No, it's a stupid question.",general fitness
Clearly sarcasm mate come on keep up,general fitness
sarcasm lol,general fitness
Have you ever seen Chris promote Evogen? Still gives evogen props without Chris ever having to mention it. Then Chris still gets to promote Raw. Gets to double dip without conflict of interest. Quite clever,general fitness
"My guess is that Hany has a coaching business and may have a network of coaches, and coaching the Mr. Olympia is the biggest badge you can get. I know here of a coach at my local gym that coaches 2 or 3 Low level IFBB pros and he promotes the shit out of them in his socials. Off of that credibility, he has probably like 30 non-IFBB clients. Now that I think about it, he's probably coaching the pros for free, and that's why they ""can afford"" having In-person sessions almost everyday (even though there is no money for low level bodybuilders without big socials)

Just my guess though, so do not take it as fact.",general fitness
Hany pays him to be part of his stable of competitors. That promotes his brand Evergen without Chris even having to mention evergen. It‚Äôs a loop hole for him to be able to have other sponsors. Hany is a genius lol.,general fitness
You probably do 10 sets of 20 reps per exercise ü§°ü§¶‚Äç‚ôÇÔ∏è,general fitness
Bodybuilding often seems like the only sport where people minimize the role of natural talent so much,general fitness
Yeah bro you were born with all the wisdom in the world,general fitness
"I've never seen him promote Evogen, or even mention them really. If you're saying that simply by being associated with Hany, Evogen might benefit, then I wouldn't argue there's likely *some* carryover, but anyone that's a Chris fan should know he's with Raw/Revive. I think I understand what you're ultimately getting at, but I think it's a bit misleading to say Hany is his sponsor. His primary role/relationship with Chris is as a coach for training and contest prep.",general fitness
"I think this is possible. Hany is obviously still a goated coach, he's taken guys up several levels and made them champions. Chris was already a 3-time Mr. O before he signed Hany, so he really didn't take him to a ""next level"".",general fitness
"I squat 600 pounds and hit 6-8 total sets per workout, but keep talkin‚Äô! Ig backs this up üòò",general fitness
So you think Chris pays Hany to be his coach?,general fitness
"They were already champions before he got to them. He doesn‚Äôt have any secrets that every other bodybuilder doesn‚Äôt know. He is the goat at marketing himself no doubt, but he picks his athletes carefully",general fitness
"Then your proving my point about low volume, thansk bud",general fitness
"No. I don't think most of the top guys in any division pay their coaches. I'm fully aware that a coach taking on a top guy can also be a good business move for them. I'm not disputing that. But 1) if you're saying that by coaching Chris, Chris adds credibility to Hanys coaching, I'd argue Hany is the last coach in the industry that needed that, after his work with Phil, Jay, Derek, and Hadi. Or 2) if you're saying Chris adds credibility to his supplement brand, id argue that conventionally with sponsored athletes, when fans want to look like an athlete, they take the supplements that they take; which we know isn't Evogen supplements for Chris. 

I'm saying there might be *some* indirect benefits to Hany's businesses by coaching Chris (in a similar, but diminished, way that supplement companies benefit from sponsored athletes), calling Hany his sponsor is pretty misleading, given conventional meaning of the word.",general fitness
"You don‚Äôt get to prove points when you‚Äôre 170 pounds buddy. Hany is in another universe compared to you, physique, and knowledge wise. That‚Äôs saying a lot bc bro is basically dad bodded",general fitness
It‚Äôs actually funnier that someone so unaccomplished thinks they know more than the most successful coach in the industry. You‚Äôll never be shit if you can‚Äôt accept that there will always be more than one way to get to point B.,general fitness
"All the top competitors got to where they were before Hany. Hany paid them because let‚Äôs be honest, bodybuilders are broke unless they‚Äôre in the top echelon. Hany‚Äôs brand grows, athletes get paid, everyone wins. The only benefit the athletes get from Hany, is money to fund their training. What secrets does Hany have that no one else knows?",general fitness
"I‚Äôm 215lb an 6ft (bigger than u), havnt posted in a year. Keep suckin hanys dick tho",general fitness
Also have exercise science degree /personal trainer for 5 years,general fitness
"I'm not really sure I'd with that. Didn't Jay lose the title, then get with Hany and come back to win the title? Phil, while gifted, got with Hany before he ever stepped foot on the Olympia stage. He brought Derek up to the open class and within 2 years, won the Olympia. Yes, Hany has worked with the best, but he also brings out the best in his guys. He peaks his guys almost perfectly every single time his guys compete. Peaking is an art and can separate good coaches from the best coaches.",upper body
"Homeboy if you‚Äôre 6‚Äô0 215 I‚Äôm 15 pounds heavier at 2 inches shorter üòÇ you‚Äôre small, you‚Äôll probably always be small. I‚Äôm sure your ‚Äúdegree‚Äù keeps that ego nice and large. I‚Äôve done over 10k in person sessions and every single person in bodybuilding would tell you my physique is better than yours (and I literally only follow any kind of structure in prep). You‚Äôre a joke. keep hiding those chicken legs and have a great afternoon",lower body
"Whoever wins Mr O can be subjective to the judges. Dexter beat Cuttler, but why? Cutler didn‚Äôt get any bigger or leaner in 09, 10. Derek beat Hadi, but by what measure? Hany definitely offers something as a ‚Äúcoach‚Äù but it‚Äôs not the knowledge of getting leaner or bigger, it‚Äôs by financial means because it‚Äôs good for his brand. He only aligns himself with the best because that‚Äôs what sells.",general fitness
"Highly doubt your 230 but by the looks of your belly not in prep u might be, short kings need love to it‚Äôs okay bro",general fitness
"I don't think the subjectivity of it refutes my point that he took Derek in 212 when he couldn't come in conditioned, and the first year he worked with Derek, he won the 212 Olympia, or how he then brought Derek up to open and within two years won the Olympia, or that he got with Phil at the beginning of his career and took him on to win 7 Olympias, or that he got Hadi an Olympia victory, or all of the Olympias he won with Jeremy in physique. 

If you haven't listened to Fouad's podcast, they talk about Hany frequently on there. He adds a lot as a coach and mentor, and per Fouad, knows exactly how to get the most out of his guys, moreso than the other coaches that he ever worked with. I just don't think, especially someone like Chris, or Jay, or Phil needs the financial means you're implying Hany provides. Those 3 of the wealthiest athletes in all of fitness. I just don't think that's the deciding factor.",general fitness
"Again, why did Lunsford beat Clarinda? My opinion is Shaun was better than the year before. Judging comes down to opinions of the judges. When big Ramy won his second title, he was in worse condition than the previous year. The coach at that level makes little difference. Hany offers the money and the environment to get the best out of themselves no doubt. He doesn‚Äôt have any secrets that hasn‚Äôt been common knowledge since DY changed the game. But again, our conversation here is subjective to opinion lol",general fitness
"Drop the 'iinferior Asian genetics', you sound like an insecure teenage girl looking for compliments when she says she's fat.  You got ripped brah!",general fitness
You went from a chubby white guy to a ripped Asian dude. Nice work!,general fitness
"How are Asian genetics inferior? You look fantastic!

Being shorter and having a smaller bone structure makes you look even more muscular, which is great for aesthetics.",general fitness
"Complains about inferior genetics

is short and has big arms


",upper body
Details. When did you start lifting? How long the bulk? Programs used? Diet?,general fitness
[deleted],general fitness
"How is being asian make you inferior? You're short and that's good for bodybuilding because you can look jacked faster. 

I'm asian and this pissed me off.",general fitness
Let's get some routine and diet info up in here mang! Looking great. ,general fitness
"You got pretty good genetics boiii, don't be so harsh. The key is to hate yourself just enough",general fitness
[deleted],general fitness
"Dude, get real. Asians can be jacked as fuck, just as easy as white dudes or black dudes. One of my good friends is vietnamese and is easily one of the strongest and biggest dudes I have met. 

You look fucking great. Start realizing there's nothing inferior to your ""genetics.""",general fitness
say what you want about 'inferior' genetics y'all asians get some crazy striations and look ripped at low body fat,general fitness
these are 2 different people..,general fitness
Mike Chang is that you?,general fitness
"what are your body measurements?

arms?

waist?

chest?

",general fitness
Every day is arms day,upper body
"Shredded broseph.  Lookin good.


What were your macros like?  ",general fitness
"Awesome cut man, props on the discipline and focus! Just curious how your strength numbers changed from 205 to 146, you able to still do the same weight or did it drop off? 

Thanks!",general fitness
Sick arms. How big are they? They look joocy.,general fitness
"Good job man, you're looking great. We all have weaknesses and imbalances, good luck in making those your strengths",general fitness
"Your waist looks very tiny, do you vacuum? Very nice cut. ",general fitness
"Out of curiosity:

What was your starting routine and how did it evolve over time?",general fitness
Your eyes are all sorts of fucked up. The rest is beastly. ,general fitness
"I think Asian genetics are superior in many ways for bodybuilding. 

Good muscle bellies. Small joints. Superior calf and quad development. 

Asians tend to tolerate carbohydrates much much better as well.

Really there's nothing to complain about. At all. ",lower body
"Not saying this with any negativity at all, but you look like a white dude in those before pictures. Oh, and you look shredded now, nice work.",general fitness
"Great progress but drop that trashy attitude. You're not even close to having reached your full potential, yet you'd rather fall back and blame your short-comings on your supposed inferior genetics. I'm sorry but that's the worst mindset you could have towards bodybuilding imo, and I fucking hate such bull excuses.      ",full body
Great work friend! What's your secret?,general fitness
"Very nice man, keep up the good work!",general fitness
Lifting Stats? Time lifting?,general fitness
"Jooocy azn brah. Nice work. 
Would you rather be skinny and bulk up? Or be fat and cut down? I feel that you are naturally going to have a easier time getting bigger since you were big to begin with. ",general fitness
"diet and program, plz.

you look amazing",general fitness
Dude I wish I looked like that when I weighed ~150,general fitness
Dat brachialis.,general fitness
Is that Mike Chang?,general fitness
Best transformation post ever ,general fitness
Please post your approach to diet when you get the time.,general fitness
"Great work. Huge your huge and i don't understand how you only weight 146lbs. I'm about 176 and lean and i feel like your bigger then me XD But I'll take into consideration that you're shorter then i am. I'm 6,0. ",general fitness
"Well fuck, now I want Oreos.",general fitness
You looked pretty muscular before the cut.,general fitness
[deleted],general fitness
"Very nice. I'm just 2 weeks in to my first real cut. Started at 200lb as well. Hope I look that shredded and can maintain the slow cut. 

Please post your routine and tips if you can. Thanks. ",general fitness
"just curious, what was your routine?",general fitness
Mirin hard work,general fitness
"you forgot to censor your face in this pic
http://i.imgur.com/UbQVBtl.jpg",general fitness
noice,general fitness
"Nice work man!
Cutting n00b here, i started cutting about a month ago and i've seensome minor results i've lost about 1.5 kilo (3.3 pounds). 
Do you have any tips on cutting eg. marco split/cardo?",general fitness
Ima start cutting in March and you are where I wanna be. Problem is I fucking suck at cutting. Any tips?,general fitness
How'd you do it?,general fitness
..that's called a cut,general fitness
Did you count macros and calories? ,general fitness
"I admire your back, bro.",general fitness
"I saw a bbc documentary about why people are skinny.  

people who had never been fat agreed to eat 5000 calories a day.  and not work out. obv they gained weight, but the conclusion was they all dropped it without effort when the study was over.

the one asian participant, lucky guy, actually gained muscle just from eating more- no exercise.  so dont complain

http://www.youtube.com/watch?v=dAQr77QMJiw",general fitness
What the fuck dude. Do you have an actual genetic disorder? Stop saying shit like this.,general fitness
"I have couple questions for you my friend; 
1) what was ur workouts like while cutting? 
2) which supplements did u take? 
3) was it hard to lose fat at the end of the cut? Like did you change up ur diet or u kept everything the same, and got to that low BF%? 
4) what were your macros? ",general fitness
"I don't know about your legs, but you look leaner than 8-9%. Honestly you could have competed in some natty shows (assuming you're natty) and done quite well.",general fitness
"Squats , why don't you do them ?",general fitness
Sexy!,general fitness
Nice work man!,general fitness
Stop putting your bullshit ads up next to all my YouTube videos!!,general fitness
Work chest and abs a little more and you will have an awesome physique,upper body
"You can't really blame him for saying inferior Asian Genetics. Most of my Asian friends, and the ones I've seen at my gym, have big calves and this dude doesnt. ",lower body
How old are you? And do you live in cabramatta?,general fitness
"Dude, same height/build/chest insertions/race(Asian except darker) as you! I'm cutting atm, starting weight was similar to yours 197~ and aiming for your end weight (150~) You are my inspiration bruh, lookout for My transformation post in a couple months from now aha. ",general fitness
Do people still know who you are as you look conpletely different,general fitness
[deleted],general fitness
Do you have 50% inferior Asian genetics or 100% inferior Asian genetics? You look mixed.,general fitness
Looks good bro!!! You sound like a lil bish with your inferior genetics remark but you look good. Great job,general fitness
[removed],general fitness
Being short doesn‚Äôt mean it‚Äôs cos you are Asian. Bunch of whites are short. You are short cos of yourself not your race. Cringe. Typical bottom class in western society,general fitness
"Im a 6‚Äô3 Asians and all my muscle genetics are ass, please help, what should I do?",general fitness
Yeah what's inferior about being Asian? ,general fitness
first step is getting off of bb.com's misc and /fit/,general fitness
Lol yeah..if by inferior Asian genetics you mean naturally cut? fishing for compliments...nice work though bra,general fitness
Seriously. Don't perpetuate stereotypes like that. It does a disservice to you and others. Looking great though.,general fitness
"Inferior genetics my ass, huge asians have V tapers for the ages....",general fitness
he has bad chest insertions,upper body
my mistake... is there a way to edit the title?,general fitness
"Yeah, I'm blown away. Totally different looking. ",general fitness
You can tell by the color of his nipple that he is asian in the first pic,general fitness
lol thanks!,general fitness
[removed],general fitness
I'm 6'2 with a very large frame and a 6'5 wingspan. It's going to take me years to fill this out! Damn manlets and their quick glory...,general fitness
"I thought Asian people tended to have lower testosterone levels.  Maybe he's referring to that.

Either way, you can still get ripped.",general fitness
he's being sarcastic....,general fitness
"TIL my arms are tree trunks to you guys

Edit: the politics around here are hilarious",upper body
I'll post more in detail later when I have some time to write it out. I tried a bunch of different diets in the span of 12 months so its going to be somewhat of a lengthy post. ,general fitness
"I've been lifting for 5 years, but only seriously for the last 2 years. 

Year 1 - wasted time (no diet)

Year 2 - wasted time (no diet)

Year 3 - started meeting people at the gym who competed, which sparked my interest to compete myself (no diet)

Year 4 - 1st cut (dieting)

Year 5 - first real bulk (dieting)",general fitness
"haha :P 

Sorry if my post offended you, brother. This post was created with absolutely positive intentions",general fitness
[deleted],general fitness
I got beat by a tiny asian dude in my first bb comp because his striated glutes has striated glutes. ,lower body
"I consider it 1 of my strengths. The only thing I need to work out is width (think Bruce Lee) and more overall thickness. However, I can't say the same for me breasts.. FUKKK",general fitness
thank you. I'm Vietnamese myself. Do you happen to be from the bay?,general fitness
lol. it happens when you lose 60lb and grow your hair out. If you look at my work ID it doesn't even look like me. If this gets more upvotes i'll upload a face comparison at 146 versus 205lb,general fitness
[deleted],general fitness
"this is not too far from the truth...LOL. I couldn't and didn't lift heavy enough on arms to get them sore so I did them almost every day (a few sets for biceps and triceps post workout)

CT Fletcher is onto something when he says he trained ARMS every fuckin day!",upper body
"fuck don't get me started!! Dieting is depressing in almost every aspect. The only thing that kept me going was my progress photos and the person I saw in the mirror.

**205lb**
Squat: 315 for 5 reps


Deadlift: 405 for 2 reps


Bench: 225 for 5 reps

**146lb**
Squat:225 no more than ~5 reps. 


Deadlift: 315 no more than 3-5 reps


Bench: 135 no more than 10 reps LOL",general fitness
"I've never measured them, but my arms are not that big! I'm sure you're rocking 22s man",upper body
"Thanks. The goal is to fill out:
Legs

Chest

Biceps

Lats

Traps

In the next 2 years hopefully... then show time!",general fitness
"Inferior asian genetics lol. Most asian folks I personally know have small bone structure and relatively small waist. I know there are exceptions to this, but for the most part we're all smaller framed folks in comparison to other ethnic groups",general fitness
"A few years back I watched a few of Shawn Ray's video about his training approach and I've been using it since. I can't remember word for word but he said to keep it simple and just pick 2-3 exercises for the single body part you're training, but to make sure that the following week should be a different set of exercises. Highly flexible, more fun and I like how my physique is progressing with it. So i've stuck with this primarily and whenever I deviated it was to try something else for experience or because I was training with someone else.",upper body
just cause he's azn? fuck you racist,general fitness
That's all fine and dandy except for the height factor.,general fitness
True. No excuses here as I am planning to step on stage in the near future,general fitness
"Personally, dieting and training is not the hard part...so my ""secret"" was maintaining my positive attitude and mentality. Dieting was more of a mental struggle than a physical one.",general fitness
I have a timer set on my watch every session for 1 hour 30 minutes. If i didn't have this I'd be in the gym for 3 hours everyday.,general fitness
"I prefer being slightly lean while bulking up. I bulked up to 165 the last 4 months and I'm now just dieting down a bit...160lb atm. Preferably, I always want to be able to slightly see my obliques while in a caloric surplus. For me this is around 12-13%bf. Any heavier will be annoying long-term as I hate dieting. Reaching singles will be faster and easier too.


So I make sure to weigh in and do cardio while bulking LOL (srs)",general fitness
sixpacklongcuts . com,general fitness
Standing alone I looked phenomenal.... the wow factor is alot less if you stood me next to someone such as yourself. I noticed the leaner I got the bigger I looked when I stood by myself.,general fitness
"I think muscle mass is relative to strength, and I wasn't very strong at the end of my cut. I had trouble putting up 135lb bench press LOL. FML",general fitness
"Don't make drastic changes... everything should be calculated and changes should be implemented gradually or slowly. If you hit a plateau, don't cut calories first... try upping cardio first? doing more sets or reps? less rest time between sets? adjust macros (less carbs, more protein) and THEN if all else fails reduce calories. Once you cut calories... its hard to go back without gaining weight.",upper body
Myfitnesspal. Not sure where I would be without it.,general fitness
"I took 1 protein shake a day. Most of my protein came from chicken breasts. The only other supplements I took were C4 mixed with BCAA (extend) for intra, Animal Multi vitamins and fishoils. I didn't find any of the supplements to have any profound effects on my physique. I probably would have looked the same without them to be honest.",general fitness
"I thought about competing at this time, but I just wasn't confident enough... too many weaknesses. I couldn't see much of the weaknesses when I was heavier so this cut has given me clarity on what I need to work on for the next several years.",general fitness
too much work,general fitness
sixpacklongcuts . com.,general fitness
"This is a great post. My shitty chest was from my crappy form when benching; I didn't realize for a long time that my tricep and front delts were taking most of the load from the bench movement. I've corrected most of this so now its just a matter of time.


This cut was an eye opener... DONT NEGLECT ABS DURING BUlK!! ",upper body
26 and residing in NorCal (SJ). I hop around gyms so if you recognize me.. say wassup!,general fitness
haha I'll hold you to it man. Post your transformation on here when its done! If this is your first cut... its going to be a rollercoaster ride LOL,general fitness
asianbrah with huge legs small arms checking in. ,lower body
100% Vietnamese to be exact,general fitness
I dunno man lol,general fitness
[deleted],general fitness
">ian genetics', you sound like an insecure teenage girl looking for compliments

u cant digest alcohol as well and milk",general fitness
/fa/ is terrible for your confidence as well. ,general fitness
Don't forget.. You're here forever!,general fitness
buttttt bb.com misc is where I get all my info..,general fitness
"""Fishing for compliments"", that's the idiom I was looking for.  OP made great progress and shouldn't demoralize himself by saying things like that.",general fitness
"I have a few black and white friends that don't diet or train as hard and I'm constantly blown away by their physiques (naturally higher test levels?). I haven't found a single Asian dude who is as gifted, but I'll save this discussion for a ELI5 post or something lol

Sorry if i offended anyone - wasn't my intention.",general fitness
I still get that alot as I am still relatively lean from where I used to be. The hair man.. the hair!!,general fitness
Asian here. My nipples look the same.,general fitness
confirmed,general fitness
"Well you have an ugly personality, so congrats on that!",general fitness
You already are!,general fitness
[deleted],general fitness
Nah. He wasnt. ,general fitness
[deleted],general fitness
.,general fitness
definitely interested in hearing more about this--i have a deep interest in dieting and its effects on muscle-building/weight training. just started getting into it and its a minefield/treasure trove/junkyard all at the same time. would welcome any pointers from someone who's tried it all. ,general fitness
"Yes, please share!",general fitness
It has been 18hrs OP,general fitness
We are still waiting...,general fitness
.,general fitness
I would be very interested in hearing what you did.  Difficult to gain mass and lose fat.,general fitness
sorry!,general fitness
Yeah I noticed that. Is it just loose skin from when you were larger?,general fitness
"No, this is down south though- San Diego. ",general fitness
I believe you. Its cool. ,general fitness
haha his knuckles still look the same too,general fitness
"Damn dude, that's rough, haha kinda demotivates me to try and do a serious cute like you did, thanks for the info man",general fitness
"Yeah, most people aren't honest about this sort of thing. Thank you for sharing.",general fitness
"Nah. More like 17-18. And I'm 6' 1"" hah.",general fitness
[deleted],general fitness
"Those genetics look pretty good to me, I wouldn't worry about it",general fitness
Please stop it with the overt self-deprecation. There's enough issues with BDD going around already.,general fitness
Lol so that means your inferior? Bs dude I've seen short Asian dudes kick not so short people of various genetic background asses plenty of times. ,general fitness
Thanks for the tips! I'll look into it. ,general fitness
"Black and soulless. Fuck. I said black. Maybe you're right, I must be racist. ",general fitness
Shorter is better for bodybuilding.,general fitness
"Here here to the mental part. Telling my self ""your not bulking any more, you only get to eat this much"" is difficult some times",general fitness
"Well still keep it up man, Be proud! ",general fitness
This is some advice I've never gotten before. Lets hope it makes the difference. Thanks brah,general fitness
Did you weigh everything?,general fitness
So what did you change about your form? I think I might have a similar problem.,general fitness
First time cut Qq not looking forward to switching over to brown rice ugh.,general fitness
"You wouldn't happen to be biased, would you mister... nu-goo-yen?",general fitness
"Duck yeah, being Asian for the Nguyen.",general fitness
Please kindly fill in the clueless (me) what /fa/ is. ,general fitness
how? knowing that people actually dress in the pictures they post boosts my confidence. The straight up delusional people on that board just give me less males to compete with,general fitness
You might have the best username i've ever seen.,general fitness
"haha this would actually be a good ELI5 discussion - liberal arts major here, no idea.",general fitness
Pics of your nipples for proof?,general fitness
"Same, but despite my gazelle-like legs I can still squat a lot of weight.  IMO proportions don't matter much for strength until you get into the elite levels -- they obviously matter a lot for bodybuilding though.",lower body
So true! At 6'2 with around a 6'4 wingspan my max bench is only like 220 but deadlift is right around 400lbs. ,general fitness
I really hate trying to get big at 6'1. I have to eat so much every day!,general fitness
I'm on a bulk!!!,general fitness
[deleted],general fitness
LOL,general fitness
Lee Priest is like 5'3,general fitness
The social aspect to dieting sucks too. People take offense when you tell them you don't want to eat their food or drink their beer. It sucks because I DO want to... its just..,general fitness
"I did weigh everything. For new people it sounds like a daunting and tedious task, but unless you have alot of experience in eyeballing food (Shawn Ray eyeballs his diet lol, but he is a Hall of Fame BBer)...there's really no other way around it. 

FYI I cook 6 days in advance. It takes about 3-4 hours of prep for 6 days worth of food. I eat primarily chicken, brown rice, eggs and vegetables as my main staple foods. Other stuff are like 1 piece of fruit, Nature valley bar, almonds, greek yogurt and other small minuscule items. ",general fitness
"I noticed that after chest day my front delts and triceps were hammered beyond belief and that my chest was not as sore in comparison. I looked into benching technique a bit more and realized that I had my back flat on the bench, which caused my front delts to protruded forward and also my barbell grip was pretty narrow. Flattening my back on the bench meant my front delt would protrude forward and take alot of the load. The narrow grip meant my triceps would take alot of the load. 

To correct this, I widen my grip a bit, puff my chest outwards. I found that pinching my shoulder blades together helped expand my chest outwards, which also helped to keep the front delts back and NOT protrude forward. Also flexing and keeping my pecs tense during the entire movement has done wonders for my development. The end result was significantly more tension on the pecs...Just a matter of time now!",upper body
Hmmm there's sweet potatoes and yams and all that. I just found brown rice to be more convenient,general fitness
/fit/ is to r/bodybuilding as /fa/ is to r/malefashionadvice,general fitness
their fits are fine. their constant bitching about not having a 10/10 face/hair/clothes is what bothers me,general fitness
"Thank you, I was thoroughly surprised I was the first to make it when I created an account.",general fitness
"6'4"". Cry me a river.",general fitness
"Such is life, brother. Gotta keep chowing down. It sucks that I'll *finally* look like I lift once I break 200lbs.",general fitness
"Yeah, with my ribs and pelvis I'd never be able to get my waist anywhere near as small as this dude. More like superior asian genetics lol",general fitness
LOL. I wish I could eat KFC like Lee though,general fitness
"Thanks for answering even though i was late to your post, great progress by the way!
I'll definetly keep those factors in mind next time.
And good luck with the benching! :)",general fitness
"By /fit/, you mean r/fitness? Or something else entirely?",general fitness
i don't know about in general. Im just saying this guy has ugly pecs and thats probably what he meant by genetics,general fitness
[deleted],general fitness
"But how big is your frame? I'm 6'2 with a very large frame. It's actually awesome, just gotta be patient... we're gonna look like beasts one day.",general fitness
:'(,general fitness
"Ah my 6'4"" brother",general fitness
"For real. I had a 34"" waist when i was at 10% bf lol. ",general fitness
Thanks! stay swole!,general fitness
"/fit/ is 4chan's r/bodybuilding


/fa/ is 4chan's r/malefashionadvice",general fitness
? wrong thread,general fitness
"10'4"" and 170 lbs. Cry me a river",general fitness
"I honestly don't even know what ""frame"" means.
I was 6'2 and skinny as fuck at 180lbs 3 years ago.
I'm now 225 and still pretty skinny but my shoulders blew up. I look a lot wider now, and it would seem that I have a pretty 'big frame' even though I don't and used to be a string bean.",upper body
"Pretty normal, nothing too freaky. My shoulders aren't as wide as some guys'. I do have some crazy long arms though.",upper body
Gotcha. Thank you. ,general fitness
"i read ""fits"" as ""tits"" lol.. skimreading ftw",general fitness
"Is this you?

http://imgur.com/gallery/CsAmdtc",general fitness
"Frame means shoulder width when just considering your bones, hip width, and basically bone size. ",upper body
A good indication of the size of your frame (as in bone structure) is your wrist measurement.,general fitness
Oh I didn't know that...tiny wrists here.,general fitness
"I do competitive Irish dance which couldn‚Äôt be more different than Bharatanatyam, but I get what it‚Äôs like to try and match your exercise to a unique dance form!

One thing I take away from Bharatanatyam is the speed and precision you do certain moves in, specifically when your body is already in a fatiguing position. One thing I do for Irish dance is specifically incorporate a power/agility day. For power, you can do weight lifting moves you already do, but do the ‚Äúwork‚Äù part of the exercise explosively, and slow on the way back. Like a squat would slow on the way down, and as fast as you can on the way up.

My agility routine is very close to the moves I do in Irish dance so I don‚Äôt think it would translate, but I focus on basic moves and do them as fast as I can, focusing on how fast I can land, and pop back up.

Good luck! Dance is incredible.",upper body
also consider pilates if you have access to it,general fitness
"Plyometrics could probably help you here. Squat jumps with various stances such as narrow, normal, wide, with variations where you hold the squat position for a second or two before jumping again. Jumping on a box, jumping off a box, with or without an isometric hold. Jumping lunges. 

Also, all sorts of lunges - front lunge, back lunge, side lunge, curtsy lunge, cossack lunge. Here you can vary the intensity by doing them fast or verrrry slow.

As for your arms, all sorts of front raises, lateral raises, military press.",upper body
"MadFit is a former dancer turned fitness blogger. I am a big fan of her youtube videos and just rotate between them.  You can see how her dance background has some influence on her workouts. I usually find a 2-3 videos and follow them for a few weeks. I saw [this calves workout ](https://www.youtube.com/watch?v=iOhxlOgRjkc) has some bharatnatyam-esque moves in it. 

As an aside: I am envious of you. I tried and failed to study classical dance. As a kid, the few instructors I was able to find would end up quitting because of small class sizes.",lower body
"^    ***Please read [the FAQ](https://www.reddit.com/r/xxfitness/wiki/main), [the rules and content guidelines](https://www.reddit.com/r/xxfitness/wiki/new_rules), and [current frozen topics](https://www.reddit.com/r/xxfitness/wiki/frozen-topics) before [contacting the mod team](https://www.reddit.com/message/compose?to=%2Fr%2Fxxfitness)***. This comment is a copy of your post so mods can see the original text if your post is edited or removed.
>u/anon_mun_1
Hey everyone!  
  
I've been trying to get back into Bharatanatyam more seriously (it's a South Indian classical dance form). Here's a couple of clips of what it's like:  
[link1](https://www.youtube.com/watch?v=CULHhYx0NRM&ab_channel=SrideviNrithyalaya)  (an excerpt from a varnam, which combines just pure steps with intervals of expressive acting)  
  
[link2](https://www.youtube.com/watch?v=QqoeyfbJXdo&ab_channel=SrideviNrithyalaya) (this is a thillana, which is the concluding piece of a performance that's only lively steps)  
  
So essentially a lot of leg strength, and good core stability and some upper body is necessary.  
  
In the past couple of years my workouts have been diverse. I did cross country for like a year, and now I've gotten into weightlifting for the past 4 months. I've kinda gained back a lot of weight that I want to lose too.  
  
Some suggestions on how you guys build a weekly routine as a dancer (especially as a busy student or with a job) would be great. I'm looking to practice dance often, but also weight train and maybe improve my cardiovascular endurance & flexibility.

*I am a bot, and this action was performed automatically. Please [contact the moderators of this subreddit](/message/compose/?to=/r/xxfitness) if you have any questions or concerns.*",full body
"Hello!

Hey there! Balancing dance practice with weight training and cardio can be a fun challenge. Try mixing it up during the week. Spend one day perfecting your Bharatanatyam moves, then switch to upper body weights the next. Keep alternating between dance practice, strength training, and adding in some cardio and flexibility work. Listen to your body along the way and tweak your routine as needed. Just keep at it, stay patient, and enjoy the journey of getting stronger and more skilled!",general fitness
"That's really cool advice! I have never thought about incorporating an agility day. Irish dancing is also so incredible. 

I wanted to ask, do you have a strict schedule each week?",general fitness
"thank you for the tip! I'll check her videos out for sure. 

but about the classical dancer- I""M IN THE SAME BOAT OMG  literally i'm so glad I was able to learn the basics with one teacher for about 4-5 years and then literally every other teacher I've tried has quit.",general fitness
"I do have a pretty set schedule, which I‚Äôm happy to share!

Two times a week I do lower body focused resistance weight training. Once a week I do an upper body resistance weight training + core. Once a week I do a power/agility day. Once a week I do a stamina workout (typically a bike workout - I used to do sprints but not worth the wear and tear on my feet).

Take mine with a grain of salt - I‚Äôm 35 with two kids who works a desk job so not much other movement in my day. If you‚Äôre a busy student, a goal of three days a week might be more doable. A lower body strength, upper body strength + core, and conditioning may be a good start.  

Are there any established Bharatanatyam groups on your area you could check in with? The world of Irish dance is growing, and there are lots of great resources on Instagram for training for my particular sport. Perhaps there is for yours? Social media is generally terrible, but great for connecting on shared interests!",general fitness
"When I combined ballet and lifting, I found squats really helped various jumps, leaps, and pil√©s. Conversely, these all really helped my squats.",general fitness
"You might be interested in the instagram account [presenttensefitness](https://www.instagram.com/presenttensefitness/), from a trainer whose specialty is strength training for ballet. I don't think he has released any programs, but he talks a lot about how he trains dancers and what considerations go into training at different parts of the season.",general fitness
"I would suggest a 2 day/week version of GZCLP or 5/3/1. Both are good programs for general strength. 

Also, I came across [this guy](https://www.youtube.com/@casparstadler7252/videos) a while back who focuses on strength training for ballet dancers. I feel like he used to have more content on his channel? But for a while he was cross-training as a dancer and powerlifter.",upper body
"I have done coaching through dancers who lift in the past, I think all of their content is subscription or coaching based but there are often interesting recommendations on their Instagram for lifting to complement particular areas of dance you‚Äôre looking to improve. I found lifting helped my dancing a LOT and would highly recommend! Don‚Äôt be afraid to lift heavy!",general fitness
"I do ballet, albeit causally/recreationally and started as an adult. (I‚Äôm 27.) I also do aerial more seriously which has a lot of overlap with dance. I also lift 2-3x a week and I focus on bilateral compound movements (mostly squats, bench press, deadlift, and trap bar deadlift). I would highly recommend! I feel both strong and flexible and these movements benefit you across disciplines.",upper body
"you might like /r/tacticalbarbell 

more geared towards fighters/military but they have a 2x a week program",general fitness
[deleted],general fitness
What about mat pilates? There are resources online and you can use bands and such to your hearts content.,general fitness
"Have you considered Olympic weightlifting? I'm not a dancer, but I used to be a competitive Thai boxer, and dynamic lifts, like power cleans, hanging snatches and push presses really helped develop explosive power. I imagine it would help a ballet dancer as well.

It takes a lot of practice and drilling technique before you can do them with heavier weights though.",push pull legs
"Ex-dancer turned powerlifter! Turns out my strong quads and glutes, that I used for ridiculous elevation in ballet, lend themselves really well to squats and deadlifts. Just be careful about form a plie =/= squat.  Deadlifts work well with flexible hammies but you have to be doubly careful about bracing. Rows will do wonders for a strong upper back :. Better posing/positioning. Check out some of the Royal Ballet dancers on Insta. They often post gym workouts.",lower body
Not sure if it's beneficial for you but when I used to dance I found that I really needed to work on explosiveness/power and I know that Abby Pollock has some workouts on that type of thing that would have helped me with my jumps and leaps.,general fitness
"^    ***Please read [the FAQ](https://www.reddit.com/r/xxfitness/wiki/main), [the rules and content guidelines](https://www.reddit.com/r/xxfitness/wiki/new_rules), and [current frozen topics](https://www.reddit.com/r/xxfitness/wiki/frozen-topics) before [contacting the mod team](https://www.reddit.com/message/compose?to=%2Fr%2Fxxfitness)***. This comment is a copy of your post so mods can see the original text if your post is edited or removed.
>u/garbagescarecrow
I do ballet (including pointe) 4-5 days a week and a progressing ballet technique (PBT) class once a week. PBT has increased my core strength and general body awareness significantly. I‚Äôm looking to add 1-2 (preferably full body) weightlifting workouts to my routine.

For context, I stopped dancing and I got into weightlifting on and off for about 5 years. While I enjoyed lifting 5 days a week, I burned out a bit and it just wasn‚Äôt my goal anymore and I got back into dance a few months ago.

I‚Äôve followed various programs over the years, my favorite being Mark Carroll‚Äôs. My issue is I can‚Äôt find anything that would specifically complement dance/ballet and only 1-2x a week since I don‚Äôt want to overdo it. I could develop my own program but I‚Äôm not confident in my ability to target the best muscles. I‚Äôd prefer a free or one time payment program, not a coaching subscription. While Pilates reformer classes would be perfect, unfortunately it‚Äôs not in the budget. I prefer resistance training.

Any advice welcome, especially if you think this isn‚Äôt a good idea and have other suggestions. Thank you!

*I am a bot, and this action was performed automatically. Please [contact the moderators of this subreddit](/message/compose/?to=/r/xxfitness) if you have any questions or concerns.*",full body
"When thinking about a general ‚Äúprogram‚Äù for myself I included squats, definitely essential and beneficial for just about any discipline :)",general fitness
"Amazing recommendations, thank you! I had no idea there were 2 day GZCLP or 5/3/1.",general fitness
"I will have to check that out, thank you for the suggestion!",general fitness
"Okkk how do you start ballet when you‚Äôre an adult? I haven‚Äôt been able to find any beginner adult ballet classes in my area, only for kids.",general fitness
"The only thing I do outside of the studio is stretch and light ankle exercises. I‚Äôm looking to cross train on days I don‚Äôt have anything else going on, with a day of recovery time. I‚Äôll check out the plan, but I‚Äôm wary of it being 5 times a week with my schedule. Thanks!",general fitness
"I do progressing ballet technique which is similar to mat Pilates, so I‚Äôm looking for something heavier resistance than you can get with bands or bodyweight. Thank you, though!",general fitness
"This is exactly what I was going to suggest. You can learn, practice and perfect many of the lifts with dumbbells too.",general fitness
Where are you located? Im in Seattle and there are a ton of class options for total adult beginners here! You could also contact a studio and ask if they could do private adult lessons if they don‚Äôt have adult classes.,general fitness
"Seconding Caroline. Her 6 week Iron series is good for strength and muscle building. Her 2 week Beastmode series is also great at that. Both lack explosive movements but have a really good amount of unilateral work, especially on legs. Her Epic series (plural) could be good. They mix in more cardio but have more explosive movements that would help for jumps.

I used to do cheer and wanted to keep my mobility, flexibility, balance, etc that I gained through there. For all the lunges and unilateral work, I use floor gliders. It gives me total control over the movement. I find the gliders help work all the smaller muscles needed for joint stability and balance a lot better. Great for knees, ankles, and hip stability. It also forces you to keep your alignment. When caroline lunges with bent legs, I keep mine straight so that I'm also working on weighted end-range to help with flexibility, mobility, and again, body control. I feel like the gliders with her program might be beneficial to your dance training and what you need for dance.

With Romanian dead lifts, I sometimes will do them on one leg to work on balance and using my core for stability. 


You don't have to keep up with her schedule/plan to see or feel results.

I don't find her workouts to target hip flexors as much as you might need for dance, but she is good for overall full body fitness and strength. I recently found Simone biles' core workout which looks to have a lot of core and hip flexor targeted exercises.",full body
"Hmm, that‚Äôs cool! I didn‚Äôt know they are similar. As an (mostly ex) dancer, I‚Äôd build a program around what you don‚Äôt get in the ballet class or need more of. For me, that would be cardio, ankle strength, quad strength, and glutes/rotators. For upper body, I have nothing, so any standard upper body work would help. 

I‚Äôm sorry - I know that‚Äôs not really what you asked for. I‚Äôm sure there‚Äôs some pro ballerinas out there that have put out their cross train routine, or id also search for ‚Äúsports medicine physical therapy ballet‚Äù and see if some combo of that gives you some results.",lower body
That‚Äôs a great idea! I might try that. I‚Äôm in the boulder area (colorado) and have yet to find any dance classes I love that aren‚Äôt in Denver.,general fitness
I'm in Seattle! I'd love to hear your recommendations! I've always wanted to try ballet but it feels super intimidating.,general fitness
"> id also search for ‚Äúsports medicine physical therapy ballet‚Äù

This is a *really* good suggestion. I know my PT does consults with people in all kinds of sports and helps them design complementary programs that will help their performance. I'm a water polo player, and she designed an entire program around core and shoulder stability, with an emphasis on developing more power. 

/u/garbagescarecrow it's worth checking!",upper body
"No worries, your advice is helpful. I‚Äôm nervous to build my own program if there‚Äôs something out there offering more expertise. With so many different exercises, it‚Äôs hard to know which are more optimal. I‚Äôve also heard it‚Äôs not always smart to build your own program.

As for upper body, rear delts and lats are foundational to arm placement, so I‚Äôd definitely incorporate that.

I‚Äôve scoured online and most of the professional ballet workouts are Pilates reformers or bodyweight. I imagine on a professional schedule they don‚Äôt have as much cross training as they do injury prevention or physical therapy.",upper body
"Check out Exit Space‚Äôs ballet basics series! It‚Äôs meant for people who have literally never taken ballet, starting with pli√© and tendu. There‚Äôs also Dance Conservatory Seattle. Honestly if you google adult beginner ballet class there are SO many here",general fitness
"You know what's complicated? Finding topics to write about. Lifting magazines exist since 1899, good luck filling them with relevant/accurate info. Then you are some youtuber and need to find topics to stay keep the numbers up. Some study gets published - suddenly every single one of them makes a video about it, podcast about it arise... I tell ya in 5 months we get to hear about time under tension from everyone again.


Building muscle isn't complicated but bodybuilding is a competitive sport, you need to lift optimally and if some way to structure your training is 5% better than everything else then you should do that. Building muscle is a slow process, if you don't lift optimally it's even slower, why waste time. If your genes are bad you have to work optimally to even get acceptable results, or else you stop lifting. I think there is much more than just those general guidelines. In the future we will see more iso work, more machines, more partial reps, more drop sets, more periodisation, more focus on muscles you didn't know existed/you should train.",general fitness
I'm saving this as it's a far better articulation of my thoughts on the subject than anything I could or would want to write. Thanks for taking the time to write this up.,general fitness
"> A quote from /u/purplespengler's blog:

I appreciate the mention here. Since I'm just a random ass nobody, for all intents and purposes, it might be useful to get people on board to include that Mike Israetel expressed the same sentiment in [this discussion on interpreting scientific data and studies](https://www.youtube.com/watch?v=x2ayS1NxLOo).

> 49:40 - ""I don't think most people who go to the gym and lift weights should be reading individual studies.""",general fitness
"It's actually shocking to me how infrequently I see links to meta-analyses in replies. It's always an individual study with two n=8 groups of menopausal women being generalized to mid-20's adult men.

Also, I've seen maybe 2 posts ever that talk about the actual statistical methods outside of sample size",general fitness
"I would also include the fact that context is everything in a scientific study and reinforces your point about intellectual humility.  X is correlated to Y roughly this often when placed under THESE SPECIFIC CONDITIONS. Change a variable,  change the study.",general fitness
Pure gold.,general fitness
"First of all, what an awesome post. This is a very good way to summarize many flaws when it comes to hypertrophy training and even training in general. I think you hit the nail right on the head when talking about the science-based fact checkers and the simpler bro lifters and realistically nothing is ever as black and white (like you said). It really is a happy medium of critical thinking, science, and personal/professional experience. I hope a many lifters (especially beginners) read this post cause it really shows the principle issues with each mindset among all communities and most importantly promotes good practice.",general fitness
"People don‚Äôt have ideas, ideas have people.",general fitness
good post my dude,general fitness
"Excellent points all around, I completely agree. Thank you for taking the time to write all this.",general fitness
This may be the best post I‚Äôve seen on this subreddit. Thank you,general fitness
"I very much agree with almost everyrhing. Very good post! Snottet reason why laymen should keep away from reading single study is, that you need to be aware of the whole litterature within that field. Only then you can place and examine the individual study correct, since you understand the overall context.",general fitness
"The most amazing thing about this article is how perfectly it applies to all healthcare and wellness. I am a physical therapist and you hit many of my biggest pet peeves with clinicians in general. Too many practitioners fall into the same traps of leaning on one study to support or negate an entire practice philosophy,",upper body
"Thanks for sharing my article, mate. Appreciate it",general fitness
"Data from RCTs doesn't always correlate well with real-world data. For example:

https://www.researchgate.net/publication/317189786_Muscle_growth_To_infinity_and_beyond

>Conclusion: Lower Body: These studies support the hypothesis that a large percentage of an individual's muscle growth potential will likely be achieved within the first 3 months of training.

Now, anyone who thinks that you can reach your genetic potential of legs just after 3 months of training, raise your hand.",lower body
"I commend you sir, excellent post.  Remember a few years back when the internet was worshiping Mark Rippetoe and recommending SS and 5x5 for people with HYPERTROPHY goals ? The internet has gone full retard again with these ""evidence based"" fitness gurus. All of them look VERY mediocre, Eric Helms, Omar Isuf, Menno Henselmans. You can literally walk into any gym and find a handful of guys with better physiques. The only guy with a decent amount of muscle is Israetel but he looked horrible before he took steroids and was total dogshit when he competed in bodybuilding. 

RESULTS SPEAK FOR THEMSELVES

When will people learn ? All of this search for a ""perfect program"" is just mental masturbation. The only ""evidence"" you need is the results of decades of bodybuilders building great physiques. They figured all of this shit out long time ago. And if there was a better way to train you better believe they would be doing it. The ""evidence based"" bodybuilders would be blowing the bros results out of the water. But they dont even look particularly better than Eugen Sandow from what like 100 years ago ?

Ladies and gentleman i present your fitness god in 2020[https://ibb.co/Kr7NbQC](https://ibb.co/Kr7NbQC)

one more for shits and giggles (what he looked like natural) [https://2.bp.blogspot.com/\_cW6zjVNGGEs/TLzDWSkm2gI/AAAAAAAAAUY/ON6ZeFulYHA/s1600/CC,+MI,+AS.jpg](https://2.bp.blogspot.com/_cW6zjVNGGEs/TLzDWSkm2gI/AAAAAAAAAUY/ON6ZeFulYHA/s1600/CC,+MI,+AS.jpg)",full body
THANK YOU,general fitness
[deleted],general fitness
"Love it, great post!",general fitness
@ /u/gnuckols do you have any coupon codes for MASS?,general fitness
"Wow, OP got the longest TL;DR I have ever seen... ‚ÄúThat‚Äôs what she said ‚Äú",general fitness
!remindme - 3 days,general fitness
/u/arweavethis,general fitness
I‚Äôm surprised you didn‚Äôt include Mike Israetel and Bret Contreras in your list.,general fitness
!remindme 1 hour,general fitness
">Building muscle isn't complicated but bodybuilding is a competitive sport, you need to lift optimally and if some way to structure your training is 5% better than everything else then you should do that. 


Absolutely.  This post is more towards the common people that I see in lifting communities and have seen growing here recently. It's kind of like bacteria where it's a problem that just grows and gets worse if you don't address it. I feel like in this context, the people reading this will know if this post applies to them. 

> I think there is much more than just those general guidelines. In the future we will see more iso work, more machines, more partial reps, more drop sets, more periodisation, more focus on muscles you didn't know existed/you should train.

There are, depending on how advanced you are. I could honestly write more in-depth on that but I think at a certain point people would  just open the thread and immediately close it lol. The [link in the last sentence](https://www.willberkman.com/blog/hypertrophy-training-its-not-that-complicated) and [this article linked near the beginning](https://rippedbody.com/how-to-build-training-programs/) goes into great depth about this for those that are interested enough to read beyond this thread.

Edit: Added the second link.",general fitness
">more machines

There's a chest press machine that simulates the widening and shortening of the grip width during a full ROM dumbbell press, while also adjusting the strength curve at full contraction  and following the upward path of a proper bar trajectory, and a lat pull-down machine that doesn't work with cables and does the same thing. I swear I wouldn't touch any other piece of equipment again if I had access to them full time.",full body
"100% agree with you on all points.

This ""evidence-based community"" is full of arrogance, hypocrisy, and predatorial behavior that literally sickens me.",full body
"Thanks for the video.  That entire rant he goes on is spot on and that's what people without the education and experience required should be doing.

Edit: I made a thread for it [here](https://www.reddit.com/r/naturalbodybuilding/comments/fuac4l/mike_israetel_interpreting_scientific_data_and/)",general fitness
Where does it say that on that page? The only ideas I saw were that muscle growth slows down after the initial training phase.,general fitness
Agreed. People often forget that research exists within the discourse of its respective field--even though literally every paper starts with a discussion of other work in the field.,general fitness
"I don't think you read the thread. I'm 100% in support of evidence-based training, Helms, Israetel, Menno and others.",general fitness
"did you read? he doesn't name names but shits on doucette in the thread.


edit: comment was /u/UnKindClock: ""Just train harder. HARDER THAN LAST TIME""",general fitness
nope,general fitness
You need to remove the hyphen for the command to work.,general fitness
"**Saved to the permaweb! [https://arweave.net/N4fyjmp7uYiPtYRk90eI9P2FbzETf9LcXqCjSAvKdt0](https://arweave.net/N4fyjmp7uYiPtYRk90eI9P2FbzETf9LcXqCjSAvKdt0)**
  
*ArweaveThis is a bot that permanently stores posts and comment threads on an immutable ledger, combating censorship and [the memory hole](https://en.wikipedia.org/wiki/Memory_hole).*",general fitness
Will include Israetel but Conteras is going to be a hard pass after how he treats homeless people and his girlfriend.,general fitness
"I will be messaging you in 59 minutes on [**2020-04-02 16:12:18 UTC**](http://www.wolframalpha.com/input/?i=2020-04-02%2016:12:18%20UTC%20To%20Local%20Time) to remind you of [**this link**](https://np.reddit.com/r/naturalbodybuilding/comments/ftmo9g/hypertrophy_training_its_not_that_complicated/fm80a9z/?context=3)

[**CLICK THIS LINK**](https://np.reddit.com/message/compose/?to=RemindMeBot&subject=Reminder&message=%5Bhttps%3A%2F%2Fwww.reddit.com%2Fr%2Fnaturalbodybuilding%2Fcomments%2Fftmo9g%2Fhypertrophy_training_its_not_that_complicated%2Ffm80a9z%2F%5D%0A%0ARemindMe%21%202020-04-02%2016%3A12%3A18%20UTC) to send a PM to also be reminded and to reduce spam.

^(Parent commenter can ) [^(delete this message to hide from others.)](https://np.reddit.com/message/compose/?to=RemindMeBot&subject=Delete%20Comment&message=Delete%21%20ftmo9g)

*****

|[^(Info)](https://np.reddit.com/r/RemindMeBot/comments/e1bko7/remindmebot_info_v21/)|[^(Custom)](https://np.reddit.com/message/compose/?to=RemindMeBot&subject=Reminder&message=%5BLink%20or%20message%20inside%20square%20brackets%5D%0A%0ARemindMe%21%20Time%20period%20here)|[^(Your Reminders)](https://np.reddit.com/message/compose/?to=RemindMeBot&subject=List%20Of%20Reminders&message=MyReminders%21)|[^(Feedback)](https://np.reddit.com/message/compose/?to=Watchful1&subject=RemindMeBot%20Feedback)|
|-|-|-|-|",general fitness
"> This post is more towards the common people that I see in lifting communities and have seen growing here recently.

Yes. I think it's important that people understand that dudes on the internet overwhelmingly uses ""bodybuilding"" to mean ""getting jacked"" in the same way they use ""powerlifting"" to mean ""getting strong"" and is rarely in either case actually talking about competing in the sport. Like, r/bodybuilding's 2019 survey showed overwhelmingly that the barest possible minimum of their users intend to compete, and even fewer *actually* compete. I'd put money on the table that if you ran a similar survey here you'd get similar results. Bodybuilding being a competitive sport isn't very relevant when you're talking to people who are never going to compete, which just about everyone on Reddit.",general fitness
"I think I get what you're referring to and I would say it happens mostly in the science-based community because it's easier to do there. Lots of Youtubers/fitness guru's who actually aren't qualified, taking brand new, weak research and jumping straight to applied practice by selling programs based off of it. Then a few weeks or months later, someone with actual credentials makes 10+ articles/podcasts debunking it. 

A lot of them masquerade as being science-based or even evidence-based but are really just trying to sell their bs.",general fitness
Very true. It's becoming the new muscle magazine of the industry.,general fitness
"Page 1027 of the full-text.

>Conclusion: Lower Body. These studies support the
hypothesis that a large percentage of an individu-
al‚Äôs muscle growth potential will likely be achieved
within the first 3 months (12 weeks) of training. It
seems unlikely that individuals will increase their
muscle mass by appreciable amounts beyond what
is gained by the time of plateau. However, most of
these studies were performed for durations of 6‚Äì12
weeks; a longer study duration would be required
to test this hypothesis. In an older population, it
may take longer for muscle growth to occur and
plateau, although some of this may be related to
this population requiring a greater exercise vol-
ume for a given response within a training ses-
sion.18 For example, a recent article found no age-
related differences in how muscle size changed
across time.37 This lack of age effect is likely due
to the accumulated volume from doing multiple
sets of exercise on multiple different exercises tar-
geting similar muscle groups in the lower body.
Furthermore, in a trained population, similar to
the upper body, muscle growth did not occur.38 In
conclusion, statistically significant increases in ante-
rior upper leg muscle size from baseline are likely
to occur within the first month of training, with a
potential plateau 4‚Äì6 weeks after the initial statisti-
cal increase in baseline muscle size. In addition,
the population studied (elderly, trained, etc.) can
result in a prolonged or limited response to resis-
tance training.",lower body
Thanks,general fitness
"If some one should be included my vote goes to Eric Helms. Hej understands and know the litteratur, had done the training and are very good at communicating.",general fitness
"> dudes on the internet overwhelmingly uses ""bodybuilding"" to mean ""getting jacked""

Yeah I will never understand those dudes. Like why invest time and resources into lifting if you could have much better results by spending some resources into learning how to lift efficiently.",general fitness
... what?,general fitness
"Those dudes lift like idiots, but they are ego invested in their method - then complain that everyone that doesn't train as stupid as them is overcomplicating it. They don't want to train optimally, and they don't want you to do that either because that hurts their feelings.",general fitness
